name,url,rank
lodash,https://www.npmjs.org/package/lodash,1
chalk,https://www.npmjs.org/package/chalk,0.5590785306893035
request,https://www.npmjs.org/package/request,0.35451075134939586
commander,https://www.npmjs.org/package/commander,0.34722621272951165
fs-extra,https://www.npmjs.org/package/fs-extra,0.3426736735119304
express,https://www.npmjs.org/package/express,0.309260072035224
webpack,https://www.npmjs.org/package/webpack,0.2956981399821043
react,https://www.npmjs.org/package/react,0.2802314209517096
async,https://www.npmjs.org/package/async,0.2774105067437652
babel-core,https://www.npmjs.org/package/babel-core,0.27710176296269295
babel-loader,https://www.npmjs.org/package/babel-loader,0.2596336646964964
css-loader,https://www.npmjs.org/package/css-loader,0.2422501233428347
react-dom,https://www.npmjs.org/package/react-dom,0.226543820446414
style-loader,https://www.npmjs.org/package/style-loader,0.22621725447798816
moment,https://www.npmjs.org/package/moment,0.21616158717053047
bluebird,https://www.npmjs.org/package/bluebird,0.21527301079718944
file-loader,https://www.npmjs.org/package/file-loader,0.21428727729719926
debug,https://www.npmjs.org/package/debug,0.20212396257247844
url-loader,https://www.npmjs.org/package/url-loader,0.1943135964124827
postcss-loader,https://www.npmjs.org/package/postcss-loader,0.18181981249809367
extract-text-webpack-plugin,https://www.npmjs.org/package/extract-text-webpack-plugin,0.18165309814401875
webpack-dev-server,https://www.npmjs.org/package/webpack-dev-server,0.17980221399654633
html-webpack-plugin,https://www.npmjs.org/package/html-webpack-plugin,0.17935441594687512
autoprefixer,https://www.npmjs.org/package/autoprefixer,0.17627811162984242
babel-runtime,https://www.npmjs.org/package/babel-runtime,0.17589801978413225
mkdirp,https://www.npmjs.org/package/mkdirp,0.17261619677781193
eslint,https://www.npmjs.org/package/eslint,0.1674094496495272
glob,https://www.npmjs.org/package/glob,0.1638210710663463
body-parser,https://www.npmjs.org/package/body-parser,0.16238635880558594
babel-eslint,https://www.npmjs.org/package/babel-eslint,0.15803921393697176
dotenv,https://www.npmjs.org/package/dotenv,0.14672846381198887
object-assign,https://www.npmjs.org/package/object-assign,0.14027928951015536
eslint-plugin-react,https://www.npmjs.org/package/eslint-plugin-react,0.13949428085840737
inquirer,https://www.npmjs.org/package/inquirer,0.13474577889045675
eslint-plugin-import,https://www.npmjs.org/package/eslint-plugin-import,0.1324126677301744
promise,https://www.npmjs.org/package/promise,0.13009799812131104
whatwg-fetch,https://www.npmjs.org/package/whatwg-fetch,0.1262371229617396
eslint-loader,https://www.npmjs.org/package/eslint-loader,0.12337666772778717
jest,https://www.npmjs.org/package/jest,0.12263573829582239
case-sensitive-paths-webpack-plugin,https://www.npmjs.org/package/case-sensitive-paths-webpack-plugin,0.12051079998005872
colors,https://www.npmjs.org/package/colors,0.12047486005538544
eslint-plugin-jsx-a11y,https://www.npmjs.org/package/eslint-plugin-jsx-a11y,0.11958571956084758
react-dev-utils,https://www.npmjs.org/package/react-dev-utils,0.11826118432870757
yargs,https://www.npmjs.org/package/yargs,0.11801873934906666
babel-jest,https://www.npmjs.org/package/babel-jest,0.11620507372195113
babel-preset-es2015,https://www.npmjs.org/package/babel-preset-es2015,0.11576124322098139
webpack-manifest-plugin,https://www.npmjs.org/package/webpack-manifest-plugin,0.10996641074276473
rimraf,https://www.npmjs.org/package/rimraf,0.10931675723626427
babel-preset-react,https://www.npmjs.org/package/babel-preset-react,0.10570258725079053
eslint-plugin-flowtype,https://www.npmjs.org/package/eslint-plugin-flowtype,0.10556404251414843
underscore,https://www.npmjs.org/package/underscore,0.10346513352587451
prop-types,https://www.npmjs.org/package/prop-types,0.10164186607728073
babel-preset-react-app,https://www.npmjs.org/package/babel-preset-react-app,0.10029896179334288
minimist,https://www.npmjs.org/package/minimist,0.09746820518206563
postcss-flexbugs-fixes,https://www.npmjs.org/package/postcss-flexbugs-fixes,0.09729328643616848
semver,https://www.npmjs.org/package/semver,0.09702987074146031
node-sass,https://www.npmjs.org/package/node-sass,0.0953735434950872
eslint-config-react-app,https://www.npmjs.org/package/eslint-config-react-app,0.09441659511187252
yeoman-generator,https://www.npmjs.org/package/yeoman-generator,0.09205177481509443
sass-loader,https://www.npmjs.org/package/sass-loader,0.09175077633170577
sw-precache-webpack-plugin,https://www.npmjs.org/package/sw-precache-webpack-plugin,0.08797053936432901
babel-polyfill,https://www.npmjs.org/package/babel-polyfill,0.08516731612368204
redux,https://www.npmjs.org/package/redux,0.0836684156882787
uuid,https://www.npmjs.org/package/uuid,0.08299247913745932
shelljs,https://www.npmjs.org/package/shelljs,0.07858990542353435
react-redux,https://www.npmjs.org/package/react-redux,0.07661269543127218
less,https://www.npmjs.org/package/less,0.07302362829571817
q,https://www.npmjs.org/package/q,0.07250934537609648
classnames,https://www.npmjs.org/package/classnames,0.07210311370684333
axios,https://www.npmjs.org/package/axios,0.07134400121465705
babel-preset-env,https://www.npmjs.org/package/babel-preset-env,0.07042288311590289
cheerio,https://www.npmjs.org/package/cheerio,0.06934840863808715
fsevents,https://www.npmjs.org/package/fsevents,0.06934190480592817
raf,https://www.npmjs.org/package/raf,0.06933130666231008
js-yaml,https://www.npmjs.org/package/js-yaml,0.06896941584720315
gulp,https://www.npmjs.org/package/gulp,0.06875153282119234
morgan,https://www.npmjs.org/package/morgan,0.06745366590553174
babel-preset-stage-0,https://www.npmjs.org/package/babel-preset-stage-0,0.06649878380023552
winston,https://www.npmjs.org/package/winston,0.06412808119577873
cookie-parser,https://www.npmjs.org/package/cookie-parser,0.06346867252902776
ora,https://www.npmjs.org/package/ora,0.0634385675800537
yosay,https://www.npmjs.org/package/yosay,0.06334322433743154
json-loader,https://www.npmjs.org/package/json-loader,0.06064457358242895
babel-plugin-transform-runtime,https://www.npmjs.org/package/babel-plugin-transform-runtime,0.060499373655435826
less-loader,https://www.npmjs.org/package/less-loader,0.06002106602965631
handlebars,https://www.npmjs.org/package/handlebars,0.059534329753478346
through2,https://www.npmjs.org/package/through2,0.05885711392230686
socket.io,https://www.npmjs.org/package/socket.io,0.05800688075229092
cross-spawn,https://www.npmjs.org/package/cross-spawn,0.05798255346979568
react-router,https://www.npmjs.org/package/react-router,0.057926053648872725
dotenv-expand,https://www.npmjs.org/package/dotenv-expand,0.05742978455402726
ejs,https://www.npmjs.org/package/ejs,0.05644067543317083
resolve,https://www.npmjs.org/package/resolve,0.05643987633321384
chokidar,https://www.npmjs.org/package/chokidar,0.0546294581166356
mocha,https://www.npmjs.org/package/mocha,0.054127128964231865
jquery,https://www.npmjs.org/package/jquery,0.05339366291697397
compression,https://www.npmjs.org/package/compression,0.05133946693200694
gulp-util,https://www.npmjs.org/package/gulp-util,0.051061664078646055
babel-cli,https://www.npmjs.org/package/babel-cli,0.050481132633200955
rxjs,https://www.npmjs.org/package/rxjs,0.04879040897147728
typescript,https://www.npmjs.org/package/typescript,0.04551365426123346
webpack-dev-middleware,https://www.npmjs.org/package/webpack-dev-middleware,0.044600392216167725
react-router-dom,https://www.npmjs.org/package/react-router-dom,0.04390313973961209
chai,https://www.npmjs.org/package/chai,0.043731510974831724
request-promise,https://www.npmjs.org/package/request-promise,0.042677622810780004
minimatch,https://www.npmjs.org/package/minimatch,0.04237747596758883
mongoose,https://www.npmjs.org/package/mongoose,0.04203255681857413
webpack-hot-middleware,https://www.npmjs.org/package/webpack-hot-middleware,0.041814201969523165
core-js,https://www.npmjs.org/package/core-js,0.04180086892374599
babel-register,https://www.npmjs.org/package/babel-register,0.04109906212642328
redux-thunk,https://www.npmjs.org/package/redux-thunk,0.04092158282285164
path,https://www.npmjs.org/package/path,0.04052865421011054
del,https://www.npmjs.org/package/del,0.03992217432233383
express-session,https://www.npmjs.org/package/express-session,0.039780560759958915
co,https://www.npmjs.org/package/co,0.039629464656126975
babel-plugin-transform-decorators-legacy,https://www.npmjs.org/package/babel-plugin-transform-decorators-legacy,0.03954785504956592
coffee-script,https://www.npmjs.org/package/coffee-script,0.038984108959973666
uglifyjs-webpack-plugin,https://www.npmjs.org/package/uglifyjs-webpack-plugin,0.038690264340758417
webpack-merge,https://www.npmjs.org/package/webpack-merge,0.038669663763144714
opn,https://www.npmjs.org/package/opn,0.03822551539188146
react-hot-loader,https://www.npmjs.org/package/react-hot-loader,0.03675080097394376
cors,https://www.npmjs.org/package/cors,0.03662315168416381
babel-plugin-transform-object-rest-spread,https://www.npmjs.org/package/babel-plugin-transform-object-rest-spread,0.03634908587313612
superagent,https://www.npmjs.org/package/superagent,0.03576723229961009
jade,https://www.npmjs.org/package/jade,0.03534740820964861
marked,https://www.npmjs.org/package/marked,0.03532376927514684
update-notifier,https://www.npmjs.org/package/update-notifier,0.03517839482632199
uglify-js,https://www.npmjs.org/package/uglify-js,0.03509189721565994
aws-sdk,https://www.npmjs.org/package/aws-sdk,0.03507745853673527
serve-favicon,https://www.npmjs.org/package/serve-favicon,0.0350180754281744
vue,https://www.npmjs.org/package/vue,0.03471434034595229
mime,https://www.npmjs.org/package/mime,0.03444127228879729
ws,https://www.npmjs.org/package/ws,0.03426357631303271
mongodb,https://www.npmjs.org/package/mongodb,0.0342176330401294
xml2js,https://www.npmjs.org/package/xml2js,0.0338163882518574
node-uuid,https://www.npmjs.org/package/node-uuid,0.03380197725435327
copy-webpack-plugin,https://www.npmjs.org/package/copy-webpack-plugin,0.03368048561132743
redis,https://www.npmjs.org/package/redis,0.03365604666022915
immutable,https://www.npmjs.org/package/immutable,0.03355247776155026
http-proxy-middleware,https://www.npmjs.org/package/http-proxy-middleware,0.03354601383187189
postcss,https://www.npmjs.org/package/postcss,0.03302071222823486
connect-history-api-fallback,https://www.npmjs.org/package/connect-history-api-fallback,0.032891517504812964
prompt,https://www.npmjs.org/package/prompt,0.03204133867522056
babel-plugin-transform-class-properties,https://www.npmjs.org/package/babel-plugin-transform-class-properties,0.031829760811925734
optimist,https://www.npmjs.org/package/optimist,0.031575710791763585
history,https://www.npmjs.org/package/history,0.03085677999760289
@angular/core,https://www.npmjs.org/package/@angular/core,0.03083406989564029
zone.js,https://www.npmjs.org/package/zone.js,0.03060663755512329
bootstrap,https://www.npmjs.org/package/bootstrap,0.030554324820141518
gulp-rename,https://www.npmjs.org/package/gulp-rename,0.03013586453992494
html-loader,https://www.npmjs.org/package/html-loader,0.02969513526657172
qs,https://www.npmjs.org/package/qs,0.029618809872783255
passport,https://www.npmjs.org/package/passport,0.029462524906901433
strip-ansi,https://www.npmjs.org/package/strip-ansi,0.02944088524841147
@angular/common,https://www.npmjs.org/package/@angular/common,0.029350242547088512
node-fetch,https://www.npmjs.org/package/node-fetch,0.02907519574607106
underscore.string,https://www.npmjs.org/package/underscore.string,0.028612144556019736
jsonwebtoken,https://www.npmjs.org/package/jsonwebtoken,0.02855441599611104
es6-promise,https://www.npmjs.org/package/es6-promise,0.028521275091783264
@babel/core,https://www.npmjs.org/package/@babel/core,0.02842812774647565
@angular/compiler,https://www.npmjs.org/package/@angular/compiler,0.02811264053983907
@angular/platform-browser,https://www.npmjs.org/package/@angular/platform-browser,0.02808391832994502
socket.io-client,https://www.npmjs.org/package/socket.io-client,0.02807492233349369
source-map-support,https://www.npmjs.org/package/source-map-support,0.027153275068064052
loader-utils,https://www.npmjs.org/package/loader-utils,0.026884608903822514
koa,https://www.npmjs.org/package/koa,0.026718137875522407
gulp-uglify,https://www.npmjs.org/package/gulp-uglify,0.026477950330847454
open,https://www.npmjs.org/package/open,0.026450533232166548
vue-loader,https://www.npmjs.org/package/vue-loader,0.02644495822491816
@angular/http,https://www.npmjs.org/package/@angular/http,0.026438178116553673
@angular/platform-browser-dynamic,https://www.npmjs.org/package/@angular/platform-browser-dynamic,0.026425486815867438
extend,https://www.npmjs.org/package/extend,0.02636306924032706
browserify,https://www.npmjs.org/package/browserify,0.026229099737111742
ts-loader,https://www.npmjs.org/package/ts-loader,0.026216881267684976
joi,https://www.npmjs.org/package/joi,0.02599035465473895
@angular/forms,https://www.npmjs.org/package/@angular/forms,0.025786363475375152
raw-loader,https://www.npmjs.org/package/raw-loader,0.025690078919963784
stylus,https://www.npmjs.org/package/stylus,0.025643604158812974
progress,https://www.npmjs.org/package/progress,0.025312786815776492
mysql,https://www.npmjs.org/package/mysql,0.02519518583777026
react-router-redux,https://www.npmjs.org/package/react-router-redux,0.02516009408497448
fs,https://www.npmjs.org/package/fs,0.025131639305114348
validator,https://www.npmjs.org/package/validator,0.0250242262226835
babel-preset-stage-2,https://www.npmjs.org/package/babel-preset-stage-2,0.024814165281567175
cross-env,https://www.npmjs.org/package/cross-env,0.024739382142091877
@angular/router,https://www.npmjs.org/package/@angular/router,0.024525208872777118
nodemailer,https://www.npmjs.org/package/nodemailer,0.024349636458884126
eslint-config-airbnb,https://www.npmjs.org/package/eslint-config-airbnb,0.024135251736603754
meow,https://www.npmjs.org/package/meow,0.024055516504965874
isomorphic-fetch,https://www.npmjs.org/package/isomorphic-fetch,0.023862599027143504
detect-port,https://www.npmjs.org/package/detect-port,0.023528802684744488
npm,https://www.npmjs.org/package/npm,0.02345469490635131
optimize-css-assets-webpack-plugin,https://www.npmjs.org/package/optimize-css-assets-webpack-plugin,0.023189221611276782
vue-template-compiler,https://www.npmjs.org/package/vue-template-compiler,0.02308316058672071
serve-static,https://www.npmjs.org/package/serve-static,0.023077317203540264
browser-sync,https://www.npmjs.org/package/browser-sync,0.023014393521916785
recursive-readdir,https://www.npmjs.org/package/recursive-readdir,0.022978823635012444
connect,https://www.npmjs.org/package/connect,0.022946071398479616
download-git-repo,https://www.npmjs.org/package/download-git-repo,0.022755146270911415
lru-cache,https://www.npmjs.org/package/lru-cache,0.022671310134691744
cli-table,https://www.npmjs.org/package/cli-table,0.022580182799368707
tslint,https://www.npmjs.org/package/tslint,0.02254249220336003
babel-plugin-add-module-exports,https://www.npmjs.org/package/babel-plugin-add-module-exports,0.02224265705740703
babel,https://www.npmjs.org/package/babel,0.022235841614002137
mini-css-extract-plugin,https://www.npmjs.org/package/mini-css-extract-plugin,0.02221197244424559
ramda,https://www.npmjs.org/package/ramda,0.02193851663034263
multer,https://www.npmjs.org/package/multer,0.021767296300334853
filesize,https://www.npmjs.org/package/filesize,0.021757675755807258
webpack-bundle-analyzer,https://www.npmjs.org/package/webpack-bundle-analyzer,0.021646809809324458
globby,https://www.npmjs.org/package/globby,0.021637390552182046
archiver,https://www.npmjs.org/package/archiver,0.021300169644724948
ncp,https://www.npmjs.org/package/ncp,0.020996800930561024
jsonfile,https://www.npmjs.org/package/jsonfile,0.02059771403299964
gulp-sourcemaps,https://www.npmjs.org/package/gulp-sourcemaps,0.02026508443307643
gulp-concat,https://www.npmjs.org/package/gulp-concat,0.02022339905866118
tmp,https://www.npmjs.org/package/tmp,0.02021105929378915
graceful-fs,https://www.npmjs.org/package/graceful-fs,0.019928236230899447
styled-components,https://www.npmjs.org/package/styled-components,0.019833031771606356
graphql,https://www.npmjs.org/package/graphql,0.019823458471217883
highlight.js,https://www.npmjs.org/package/highlight.js,0.019737057449985912
redux-logger,https://www.npmjs.org/package/redux-logger,0.019409130142047905
react-error-overlay,https://www.npmjs.org/package/react-error-overlay,0.019199814259740083
method-override,https://www.npmjs.org/package/method-override,0.01903845850212476
jsdom,https://www.npmjs.org/package/jsdom,0.018892635786185417
md5,https://www.npmjs.org/package/md5,0.01861668000295103
clean-webpack-plugin,https://www.npmjs.org/package/clean-webpack-plugin,0.018474625625832897
passport-local,https://www.npmjs.org/package/passport-local,0.0184732546215825
@types/node,https://www.npmjs.org/package/@types/node,0.018446885374482618
pg,https://www.npmjs.org/package/pg,0.018344642147948283
pug,https://www.npmjs.org/package/pug,0.018330381979779552
http-proxy,https://www.npmjs.org/package/http-proxy,0.01827524272166899
font-awesome,https://www.npmjs.org/package/font-awesome,0.018258654060446144
mustache,https://www.npmjs.org/package/mustache,0.018248814228207188
postcss-import,https://www.npmjs.org/package/postcss-import,0.018189506312296794
gulp-sass,https://www.npmjs.org/package/gulp-sass,0.018031492530200113
@babel/runtime,https://www.npmjs.org/package/@babel/runtime,0.017993975833831923
koa-router,https://www.npmjs.org/package/koa-router,0.017642908445631236
bunyan,https://www.npmjs.org/package/bunyan,0.017504704404004104
invariant,https://www.npmjs.org/package/invariant,0.017416290576016933
cssnano,https://www.npmjs.org/package/cssnano,0.01740998653462056
ajv,https://www.npmjs.org/package/ajv,0.017325944378882664
run-sequence,https://www.npmjs.org/package/run-sequence,0.017318075292316243
nodemon,https://www.npmjs.org/package/nodemon,0.01729229874710667
antd,https://www.npmjs.org/package/antd,0.01721013179031965
gulp-babel,https://www.npmjs.org/package/gulp-babel,0.017183238479025535
sinon,https://www.npmjs.org/package/sinon,0.017172612608001552
ip,https://www.npmjs.org/package/ip,0.01677442884362184
friendly-errors-webpack-plugin,https://www.npmjs.org/package/friendly-errors-webpack-plugin,0.01676194273786047
moment-timezone,https://www.npmjs.org/package/moment-timezone,0.016731004069694924
figlet,https://www.npmjs.org/package/figlet,0.01672971050611664
reflect-metadata,https://www.npmjs.org/package/reflect-metadata,0.01670430176654201
source-map,https://www.npmjs.org/package/source-map,0.01664902999040774
pluralize,https://www.npmjs.org/package/pluralize,0.0166407029647392
gzip-size,https://www.npmjs.org/package/gzip-size,0.016610567402844938
mime-types,https://www.npmjs.org/package/mime-types,0.01658785592173493
path-exists,https://www.npmjs.org/package/path-exists,0.01655619878723513
iconv-lite,https://www.npmjs.org/package/iconv-lite,0.016506907435996362
consolidate,https://www.npmjs.org/package/consolidate,0.016465982561734916
temp,https://www.npmjs.org/package/temp,0.01644589349647326
identity-obj-proxy,https://www.npmjs.org/package/identity-obj-proxy,0.016425526037191957
@angular/animations,https://www.npmjs.org/package/@angular/animations,0.016407578328641915
tar,https://www.npmjs.org/package/tar,0.01636239911505613
@types/lodash,https://www.npmjs.org/package/@types/lodash,0.01625005098935862
stylus-loader,https://www.npmjs.org/package/stylus-loader,0.01608114847348039
log4js,https://www.npmjs.org/package/log4js,0.016060218897640675
which,https://www.npmjs.org/package/which,0.01601921301370962
prettier,https://www.npmjs.org/package/prettier,0.01600957710592646
shortid,https://www.npmjs.org/package/shortid,0.015934753589427707
url,https://www.npmjs.org/package/url,0.01589915623063941
gulp-if,https://www.npmjs.org/package/gulp-if,0.015863858985572608
postcss-cssnext,https://www.npmjs.org/package/postcss-cssnext,0.015804484895498582
karma,https://www.npmjs.org/package/karma,0.015640900667808804
vue-router,https://www.npmjs.org/package/vue-router,0.015479725722296165
query-string,https://www.npmjs.org/package/query-string,0.015393056672770513
sequelize,https://www.npmjs.org/package/sequelize,0.015372118052300715
koa-static,https://www.npmjs.org/package/koa-static,0.015316420739923646
babel-plugin-import,https://www.npmjs.org/package/babel-plugin-import,0.015028104275191296
normalize.css,https://www.npmjs.org/package/normalize.css,0.014858715247572533
config,https://www.npmjs.org/package/config,0.01478374336645448
babelify,https://www.npmjs.org/package/babelify,0.014751562833948274
grunt,https://www.npmjs.org/package/grunt,0.014704587513408652
helmet,https://www.npmjs.org/package/helmet,0.01469489075379177
ini,https://www.npmjs.org/package/ini,0.014667226941559634
babel-preset-stage-1,https://www.npmjs.org/package/babel-preset-stage-1,0.01465697665224912
gulp-plumber,https://www.npmjs.org/package/gulp-plumber,0.01464962647781656
react-bootstrap,https://www.npmjs.org/package/react-bootstrap,0.014628069204021685
errorhandler,https://www.npmjs.org/package/errorhandler,0.01462685619242043
source-map-loader,https://www.npmjs.org/package/source-map-loader,0.014579714684471019
enzyme,https://www.npmjs.org/package/enzyme,0.014535121930722431
webpack-node-externals,https://www.npmjs.org/package/webpack-node-externals,0.01446231498935844
path-to-regexp,https://www.npmjs.org/package/path-to-regexp,0.014449670705973824
inherits,https://www.npmjs.org/package/inherits,0.014397905641923933
execa,https://www.npmjs.org/package/execa,0.014386347051194286
nconf,https://www.npmjs.org/package/nconf,0.014352154763575256
js-beautify,https://www.npmjs.org/package/js-beautify,0.014238757301291462
esprima,https://www.npmjs.org/package/esprima,0.013825512684935528
material-ui,https://www.npmjs.org/package/material-ui,0.01378045064007901
cli-color,https://www.npmjs.org/package/cli-color,0.013728723740700896
vinyl-fs,https://www.npmjs.org/package/vinyl-fs,0.013689247165326067
dateformat,https://www.npmjs.org/package/dateformat,0.013652044245007391
clean-css,https://www.npmjs.org/package/clean-css,0.013581296660319674
webpack-cli,https://www.npmjs.org/package/webpack-cli,0.013542365072629937
tslib,https://www.npmjs.org/package/tslib,0.013452160717173391
@babel/preset-env,https://www.npmjs.org/package/@babel/preset-env,0.013418999815246704
metalsmith,https://www.npmjs.org/package/metalsmith,0.013395582498653746
user-home,https://www.npmjs.org/package/user-home,0.013303927288302592
event-stream,https://www.npmjs.org/package/event-stream,0.013269880240524128
reselect,https://www.npmjs.org/package/reselect,0.013211028246007414
sqlite3,https://www.npmjs.org/package/sqlite3,0.013147340994914358
concat-stream,https://www.npmjs.org/package/concat-stream,0.01305898151029764
require-dir,https://www.npmjs.org/package/require-dir,0.013019247763431482
node-notifier,https://www.npmjs.org/package/node-notifier,0.013005525185055935
gulp-less,https://www.npmjs.org/package/gulp-less,0.012952963953649704
babel-plugin-syntax-dynamic-import,https://www.npmjs.org/package/babel-plugin-syntax-dynamic-import,0.012817532618186953
html-minifier,https://www.npmjs.org/package/html-minifier,0.01278983005102782
validate-npm-package-name,https://www.npmjs.org/package/validate-npm-package-name,0.012550315475300392
nopt,https://www.npmjs.org/package/nopt,0.012492204252507908
graphql-tag,https://www.npmjs.org/package/graphql-tag,0.012468550648164944
querystring,https://www.npmjs.org/package/querystring,0.012302819869891525
request-promise-native,https://www.npmjs.org/package/request-promise-native,0.01226843109438985
crypto,https://www.npmjs.org/package/crypto,0.01224775511874639
gulp-autoprefixer,https://www.npmjs.org/package/gulp-autoprefixer,0.012160697005476546
nunjucks,https://www.npmjs.org/package/nunjucks,0.012153870511746363
istanbul,https://www.npmjs.org/package/istanbul,0.012118098453345069
ms,https://www.npmjs.org/package/ms,0.012106687925131197
bcrypt,https://www.npmjs.org/package/bcrypt,0.012076571387767868
gulp-watch,https://www.npmjs.org/package/gulp-watch,0.012009205730389329
form-data,https://www.npmjs.org/package/form-data,0.012007766927117998
deepmerge,https://www.npmjs.org/package/deepmerge,0.012006021012890068
when,https://www.npmjs.org/package/when,0.011866106328397616
pify,https://www.npmjs.org/package/pify,0.0118486415614819
knex,https://www.npmjs.org/package/knex,0.01177487003488799
log-symbols,https://www.npmjs.org/package/log-symbols,0.011770331093525575
redux-saga,https://www.npmjs.org/package/redux-saga,0.011730746142992587
xtend,https://www.npmjs.org/package/xtend,0.011698374013106774
clone,https://www.npmjs.org/package/clone,0.011679302527209334
babylon,https://www.npmjs.org/package/babylon,0.011668291516922035
json5,https://www.npmjs.org/package/json5,0.011668280567009135
react-helmet,https://www.npmjs.org/package/react-helmet,0.011638048796083217
d3,https://www.npmjs.org/package/d3,0.011580696014925607
readable-stream,https://www.npmjs.org/package/readable-stream,0.011540859570911256
npmlog,https://www.npmjs.org/package/npmlog,0.011452946954878342
yamljs,https://www.npmjs.org/package/yamljs,0.01141980973088417
through,https://www.npmjs.org/package/through,0.011418440277346842
escape-string-regexp,https://www.npmjs.org/package/escape-string-regexp,0.011374243557202955
eslint-plugin-promise,https://www.npmjs.org/package/eslint-plugin-promise,0.011339407842156299
boom,https://www.npmjs.org/package/boom,0.011333019316667678
markdown-it,https://www.npmjs.org/package/markdown-it,0.011330559655364822
simple-git,https://www.npmjs.org/package/simple-git,0.011248502845557265
tslint-react,https://www.npmjs.org/package/tslint-react,0.011219555371156037
numeral,https://www.npmjs.org/package/numeral,0.01119159838392481
react-select,https://www.npmjs.org/package/react-select,0.011149847006879605
ts-jest,https://www.npmjs.org/package/ts-jest,0.011149552667988767
babel-plugin-react-transform,https://www.npmjs.org/package/babel-plugin-react-transform,0.011041742303163831
json-stable-stringify,https://www.npmjs.org/package/json-stable-stringify,0.01101454657730254
mz,https://www.npmjs.org/package/mz,0.010934764831252117
github,https://www.npmjs.org/package/github,0.010901730566516101
vuex,https://www.npmjs.org/package/vuex,0.010894919544375999
react-addons-css-transition-group,https://www.npmjs.org/package/react-addons-css-transition-group,0.010860430992651436
rc,https://www.npmjs.org/package/rc,0.010857613253764622
bower,https://www.npmjs.org/package/bower,0.010849211202261186
stylelint,https://www.npmjs.org/package/stylelint,0.010820723592217026
vue-style-loader,https://www.npmjs.org/package/vue-style-loader,0.010720478477682083
imports-loader,https://www.npmjs.org/package/imports-loader,0.010672105585008279
gulp-replace,https://www.npmjs.org/package/gulp-replace,0.010570627335639906
progress-bar-webpack-plugin,https://www.npmjs.org/package/progress-bar-webpack-plugin,0.01046855618217
adm-zip,https://www.npmjs.org/package/adm-zip,0.0103326737390115
portfinder,https://www.npmjs.org/package/portfinder,0.01029307002167984
eslint-plugin-standard,https://www.npmjs.org/package/eslint-plugin-standard,0.010254903842913493
got,https://www.npmjs.org/package/got,0.010239645373963803
thread-loader,https://www.npmjs.org/package/thread-loader,0.010156805416527599
karma-chrome-launcher,https://www.npmjs.org/package/karma-chrome-launcher,0.010150959840529244
util,https://www.npmjs.org/package/util,0.010128932664536378
cookie,https://www.npmjs.org/package/cookie,0.010086096331075888
diff,https://www.npmjs.org/package/diff,0.010083514525564068
eslint-config-standard,https://www.npmjs.org/package/eslint-config-standard,0.010043668132957444
bcryptjs,https://www.npmjs.org/package/bcryptjs,0.010040737732395538
react-tap-event-plugin,https://www.npmjs.org/package/react-tap-event-plugin,0.01002465930208567
merge,https://www.npmjs.org/package/merge,0.010000070832400587
string,https://www.npmjs.org/package/string,0.009986013052933616
warning,https://www.npmjs.org/package/warning,0.009948329218256202
strip-json-comments,https://www.npmjs.org/package/strip-json-comments,0.009947341599413337
resolve-url-loader,https://www.npmjs.org/package/resolve-url-loader,0.00992307218388199
clear,https://www.npmjs.org/package/clear,0.009921021302756182
karma-webpack,https://www.npmjs.org/package/karma-webpack,0.009845755599569
babel-plugin-transform-es2015-modules-commonjs,https://www.npmjs.org/package/babel-plugin-transform-es2015-modules-commonjs,0.009808376718921237
merge-stream,https://www.npmjs.org/package/merge-stream,0.009794884804570763
bcrypt-nodejs,https://www.npmjs.org/package/bcrypt-nodejs,0.00974810832130305
eventemitter2,https://www.npmjs.org/package/eventemitter2,0.00969193980938094
connect-flash,https://www.npmjs.org/package/connect-flash,0.009650800187544016
download,https://www.npmjs.org/package/download,0.00963351640063872
angular,https://www.npmjs.org/package/angular,0.00963048802136084
deep-extend,https://www.npmjs.org/package/deep-extend,0.009626002567078322
gulp-load-plugins,https://www.npmjs.org/package/gulp-load-plugins,0.009600494265116381
babel-plugin-named-asset-import,https://www.npmjs.org/package/babel-plugin-named-asset-import,0.009549867961595843
babel-plugin-transform-object-assign,https://www.npmjs.org/package/babel-plugin-transform-object-assign,0.009439209125477443
camelcase,https://www.npmjs.org/package/camelcase,0.009437603437875468
crypto-js,https://www.npmjs.org/package/crypto-js,0.009428495619408629
react-test-renderer,https://www.npmjs.org/package/react-test-renderer,0.009427041835021577
vinyl,https://www.npmjs.org/package/vinyl,0.009423664020747388
tildify,https://www.npmjs.org/package/tildify,0.009412824236219119
karma-phantomjs-launcher,https://www.npmjs.org/package/karma-phantomjs-launcher,0.009407554218497703
vinyl-source-stream,https://www.npmjs.org/package/vinyl-source-stream,0.009339526508287862
watchify,https://www.npmjs.org/package/watchify,0.009333083495198584
react-scripts,https://www.npmjs.org/package/react-scripts,0.009328702862735268
unzip,https://www.npmjs.org/package/unzip,0.009297528037318835
gm,https://www.npmjs.org/package/gm,0.00923210053972915
happypack,https://www.npmjs.org/package/happypack,0.009225388966314687
escodegen,https://www.npmjs.org/package/escodegen,0.009221331788729274
gulp-imagemin,https://www.npmjs.org/package/gulp-imagemin,0.009203161384098364
babel-plugin-transform-async-to-generator,https://www.npmjs.org/package/babel-plugin-transform-async-to-generator,0.009193520932184555
koa-bodyparser,https://www.npmjs.org/package/koa-bodyparser,0.009183508318855556
send,https://www.npmjs.org/package/send,0.00918184705017378
json-stringify-safe,https://www.npmjs.org/package/json-stringify-safe,0.009178233319242895
precss,https://www.npmjs.org/package/precss,0.009164589272117465
walk,https://www.npmjs.org/package/walk,0.009164340932200863
inflection,https://www.npmjs.org/package/inflection,0.009160459537800987
memory-fs,https://www.npmjs.org/package/memory-fs,0.009147835234664541
swig,https://www.npmjs.org/package/swig,0.009147502388763351
serialize-javascript,https://www.npmjs.org/package/serialize-javascript,0.00912142716077477
babel-plugin-lodash,https://www.npmjs.org/package/babel-plugin-lodash,0.00906600909052927
url-join,https://www.npmjs.org/package/url-join,0.009010561942475608
babel-plugin-transform-react-jsx,https://www.npmjs.org/package/babel-plugin-transform-react-jsx,0.009007462652761008
karma-mocha,https://www.npmjs.org/package/karma-mocha,0.009001253488730546
eslint-plugin-babel,https://www.npmjs.org/package/eslint-plugin-babel,0.00893363845153467
gulp-notify,https://www.npmjs.org/package/gulp-notify,0.008933220372956619
react-addons-test-utils,https://www.npmjs.org/package/react-addons-test-utils,0.0088951024477689
cli-spinner,https://www.npmjs.org/package/cli-spinner,0.00887342455889744
awesome-typescript-loader,https://www.npmjs.org/package/awesome-typescript-loader,0.008834226971870546
path-is-absolute,https://www.npmjs.org/package/path-is-absolute,0.008833327746163074
sprintf-js,https://www.npmjs.org/package/sprintf-js,0.008822688900085513
acorn,https://www.npmjs.org/package/acorn,0.008813474531333364
regenerator-runtime,https://www.npmjs.org/package/regenerator-runtime,0.008800853575482489
watch,https://www.npmjs.org/package/watch,0.008793049631702186
assert,https://www.npmjs.org/package/assert,0.008791462546299865
ioredis,https://www.npmjs.org/package/ioredis,0.008783243988997895
fork-ts-checker-webpack-plugin,https://www.npmjs.org/package/fork-ts-checker-webpack-plugin,0.008763788186198813
mobx,https://www.npmjs.org/package/mobx,0.00875117429322297
babel-types,https://www.npmjs.org/package/babel-types,0.008719103661113281
react-transform-hmr,https://www.npmjs.org/package/react-transform-hmr,0.008717691592252878
xmldom,https://www.npmjs.org/package/xmldom,0.008716171388336759
babel-plugin-transform-react-constant-elements,https://www.npmjs.org/package/babel-plugin-transform-react-constant-elements,0.008716142489873045
co-prompt,https://www.npmjs.org/package/co-prompt,0.008688846179078228
react-transition-group,https://www.npmjs.org/package/react-transition-group,0.008679280123944892
babel-preset-stage-3,https://www.npmjs.org/package/babel-preset-stage-3,0.008615365141511946
connect-redis,https://www.npmjs.org/package/connect-redis,0.008611609507965702
@types/react,https://www.npmjs.org/package/@types/react,0.008610944141020394
events,https://www.npmjs.org/package/events,0.008584345904758525
change-case,https://www.npmjs.org/package/change-case,0.008558341530657754
supports-color,https://www.npmjs.org/package/supports-color,0.00855626843181925
wrench,https://www.npmjs.org/package/wrench,0.008531102144949546
exports-loader,https://www.npmjs.org/package/exports-loader,0.008457616246418805
babel-plugin-transform-react-remove-prop-types,https://www.npmjs.org/package/babel-plugin-transform-react-remove-prop-types,0.008433702261957655
liftoff,https://www.npmjs.org/package/liftoff,0.008415998167890239
eventemitter3,https://www.npmjs.org/package/eventemitter3,0.008402960659054652
@babel/preset-react,https://www.npmjs.org/package/@babel/preset-react,0.00839452195660677
fstream,https://www.npmjs.org/package/fstream,0.008356568553960053
lodash.merge,https://www.npmjs.org/package/lodash.merge,0.008325868078761994
babel-plugin-transform-flow-strip-types,https://www.npmjs.org/package/babel-plugin-transform-flow-strip-types,0.008306946885332152
eslint-config-prettier,https://www.npmjs.org/package/eslint-config-prettier,0.00817914595049159
phantomjs-prebuilt,https://www.npmjs.org/package/phantomjs-prebuilt,0.008173048947133537
react-intl,https://www.npmjs.org/package/react-intl,0.008171697314719931
readline-sync,https://www.npmjs.org/package/readline-sync,0.008151461398890907
once,https://www.npmjs.org/package/once,0.008151180575509382
command-line-args,https://www.npmjs.org/package/command-line-args,0.008146342376952585
slash,https://www.npmjs.org/package/slash,0.008137933371273384
clui,https://www.npmjs.org/package/clui,0.008112037920182131
karma-sourcemap-loader,https://www.npmjs.org/package/karma-sourcemap-loader,0.008101503675709873
prettyjson,https://www.npmjs.org/package/prettyjson,0.008083116489515305
eventsource-polyfill,https://www.npmjs.org/package/eventsource-polyfill,0.008047745836497389
eslint-plugin-node,https://www.npmjs.org/package/eslint-plugin-node,0.00804450929468339
babel-preset-react-hmre,https://www.npmjs.org/package/babel-preset-react-hmre,0.00802980890369638
jshint,https://www.npmjs.org/package/jshint,0.00801289818211923
mobx-react,https://www.npmjs.org/package/mobx-react,0.008001848421256903
text-table,https://www.npmjs.org/package/text-table,0.007978459149273538
JSONStream,https://www.npmjs.org/package/JSONStream,0.007973888116739445
hapi,https://www.npmjs.org/package/hapi,0.007947256199036568
rsvp,https://www.npmjs.org/package/rsvp,0.007922115236440165
traverse,https://www.npmjs.org/package/traverse,0.007920006668770836
should,https://www.npmjs.org/package/should,0.00791460712172963
hoek,https://www.npmjs.org/package/hoek,0.007902628328032938
image-size,https://www.npmjs.org/package/image-size,0.007878516312388307
find-up,https://www.npmjs.org/package/find-up,0.007868614969403477
babel-preset-latest,https://www.npmjs.org/package/babel-preset-latest,0.007863131276487467
connect-mongo,https://www.npmjs.org/package/connect-mongo,0.007852140616006394
babel-plugin-transform-regenerator,https://www.npmjs.org/package/babel-plugin-transform-regenerator,0.007823812951176293
configstore,https://www.npmjs.org/package/configstore,0.007822508151510935
gulp-eslint,https://www.npmjs.org/package/gulp-eslint,0.007815418643695943
redux-form,https://www.npmjs.org/package/redux-form,0.00780583883929894
elasticsearch,https://www.npmjs.org/package/elasticsearch,0.007791387333754885
gulp-jshint,https://www.npmjs.org/package/gulp-jshint,0.007765105278481135
gulp-postcss,https://www.npmjs.org/package/gulp-postcss,0.007745697995360988
babel-plugin-syntax-jsx,https://www.npmjs.org/package/babel-plugin-syntax-jsx,0.00773923550230005
redux-actions,https://www.npmjs.org/package/redux-actions,0.007731959316683609
gulp-filter,https://www.npmjs.org/package/gulp-filter,0.0077245519736393
argparse,https://www.npmjs.org/package/argparse,0.007687485621120551
karma-coverage,https://www.npmjs.org/package/karma-coverage,0.007603217269797294
gulp-minify-css,https://www.npmjs.org/package/gulp-minify-css,0.0075847722238863045
recompose,https://www.npmjs.org/package/recompose,0.007581915636950841
app-root-path,https://www.npmjs.org/package/app-root-path,0.007580568966354055
image-webpack-loader,https://www.npmjs.org/package/image-webpack-loader,0.007573182531685197
babel-generator,https://www.npmjs.org/package/babel-generator,0.007569495192352551
tslint-loader,https://www.npmjs.org/package/tslint-loader,0.007567295798728016
osenv,https://www.npmjs.org/package/osenv,0.007564591450564891
cron,https://www.npmjs.org/package/cron,0.007519747334107671
color,https://www.npmjs.org/package/color,0.007489354150934248
bytes,https://www.npmjs.org/package/bytes,0.00746862168318605
npm-run-all,https://www.npmjs.org/package/npm-run-all,0.00746182542825796
pretty-error,https://www.npmjs.org/package/pretty-error,0.007415102614116291
bfj,https://www.npmjs.org/package/bfj,0.007401843845303287
@babel/plugin-proposal-class-properties,https://www.npmjs.org/package/@babel/plugin-proposal-class-properties,0.007362237472077838
multimatch,https://www.npmjs.org/package/multimatch,0.007296685120142784
backbone,https://www.npmjs.org/package/backbone,0.0072900031774582085
tsconfig-paths-webpack-plugin,https://www.npmjs.org/package/tsconfig-paths-webpack-plugin,0.007287920141300166
eslint-friendly-formatter,https://www.npmjs.org/package/eslint-friendly-formatter,0.007252156626816238
slug,https://www.npmjs.org/package/slug,0.007251590988223671
svgr,https://www.npmjs.org/package/svgr,0.007237479439346254
micromatch,https://www.npmjs.org/package/micromatch,0.007225039846944921
babel-traverse,https://www.npmjs.org/package/babel-traverse,0.007215599370539992
figures,https://www.npmjs.org/package/figures,0.0072108179934150555
touch,https://www.npmjs.org/package/touch,0.007209023530616463
deep-equal,https://www.npmjs.org/package/deep-equal,0.007152479658966146
assets-webpack-plugin,https://www.npmjs.org/package/assets-webpack-plugin,0.007148897904795519
hoist-non-react-statics,https://www.npmjs.org/package/hoist-non-react-statics,0.0070833232974706626
faker,https://www.npmjs.org/package/faker,0.007083192824040362
rollup,https://www.npmjs.org/package/rollup,0.007083176462339411
enzyme-adapter-react-16,https://www.npmjs.org/package/enzyme-adapter-react-16,0.007067238609038339
ts-node,https://www.npmjs.org/package/ts-node,0.00704422388612112
parseurl,https://www.npmjs.org/package/parseurl,0.007011199955454897
flow-bin,https://www.npmjs.org/package/flow-bin,0.007004033013788357
htmlparser2,https://www.npmjs.org/package/htmlparser2,0.006992916332393635
read,https://www.npmjs.org/package/read,0.006988303026871121
estraverse,https://www.npmjs.org/package/estraverse,0.006965326497387862
plist,https://www.npmjs.org/package/plist,0.006941787743444708
fs-promise,https://www.npmjs.org/package/fs-promise,0.006939849113689325
webpack-stream,https://www.npmjs.org/package/webpack-stream,0.0069327343685036446
escape-html,https://www.npmjs.org/package/escape-html,0.0069243950356584335
eslint-config-airbnb-base,https://www.npmjs.org/package/eslint-config-airbnb-base,0.006876266718610673
http-errors,https://www.npmjs.org/package/http-errors,0.006864148649049865
babel-plugin-module-resolver,https://www.npmjs.org/package/babel-plugin-module-resolver,0.006851079104385898
compression-webpack-plugin,https://www.npmjs.org/package/compression-webpack-plugin,0.006835164798336341
jszip,https://www.npmjs.org/package/jszip,0.006809647462740449
wordwrap,https://www.npmjs.org/package/wordwrap,0.006798281785385966
gaze,https://www.npmjs.org/package/gaze,0.006764087492412707
convert-source-map,https://www.npmjs.org/package/convert-source-map,0.0067434119314232505
pm2,https://www.npmjs.org/package/pm2,0.006726430520820371
firebase,https://www.npmjs.org/package/firebase,0.006718535951459494
vinyl-buffer,https://www.npmjs.org/package/vinyl-buffer,0.006717916184813931
ssh2,https://www.npmjs.org/package/ssh2,0.006705606377500466
formidable,https://www.npmjs.org/package/formidable,0.006703438715692528
@babel/polyfill,https://www.npmjs.org/package/@babel/polyfill,0.006674272354749072
serve-index,https://www.npmjs.org/package/serve-index,0.006667842489742237
expose-loader,https://www.npmjs.org/package/expose-loader,0.006618383820396425
read-pkg-up,https://www.npmjs.org/package/read-pkg-up,0.006611212572894991
read-metadata,https://www.npmjs.org/package/read-metadata,0.006574755934711362
es6-shim,https://www.npmjs.org/package/es6-shim,0.006539342652402353
react-dnd,https://www.npmjs.org/package/react-dnd,0.00653385253142703
gulp-htmlmin,https://www.npmjs.org/package/gulp-htmlmin,0.0065050237390397265
rx,https://www.npmjs.org/package/rx,0.006500154675402713
nedb,https://www.npmjs.org/package/nedb,0.0064922526959139935
basic-auth,https://www.npmjs.org/package/basic-auth,0.0064905427969338715
css,https://www.npmjs.org/package/css,0.006463910705269404
restify,https://www.npmjs.org/package/restify,0.00646389456066629
js-cookie,https://www.npmjs.org/package/js-cookie,0.006421159308817698
finalhandler,https://www.npmjs.org/package/finalhandler,0.006413696081856455
bignumber.js,https://www.npmjs.org/package/bignumber.js,0.006412674618269922
postcss-url,https://www.npmjs.org/package/postcss-url,0.0064025084567962956
create-react-class,https://www.npmjs.org/package/create-react-class,0.006388439666134747
on-finished,https://www.npmjs.org/package/on-finished,0.0063525283018654455
@types/react-dom,https://www.npmjs.org/package/@types/react-dom,0.006321970038487856
verror,https://www.npmjs.org/package/verror,0.006321157338037995
xmlbuilder,https://www.npmjs.org/package/xmlbuilder,0.006311069699384273
karma-jasmine,https://www.npmjs.org/package/karma-jasmine,0.00629905816268071
jsonschema,https://www.npmjs.org/package/jsonschema,0.00629782019562232
fbjs,https://www.npmjs.org/package/fbjs,0.00624973903148837
install,https://www.npmjs.org/package/install,0.006242564092733729
get-stdin,https://www.npmjs.org/package/get-stdin,0.006222099324370109
puppeteer,https://www.npmjs.org/package/puppeteer,0.006212875093264901
http,https://www.npmjs.org/package/http,0.006210806587526212
postcss-preset-env,https://www.npmjs.org/package/postcss-preset-env,0.0061993477970105374
split,https://www.npmjs.org/package/split,0.006196443126558866
eslint-plugin-prettier,https://www.npmjs.org/package/eslint-plugin-prettier,0.006168633945685632
systemjs,https://www.npmjs.org/package/systemjs,0.006147019994588658
denodeify,https://www.npmjs.org/package/denodeify,0.006095650380111379
husky,https://www.npmjs.org/package/husky,0.00608720564292144
sax,https://www.npmjs.org/package/sax,0.006075556676212163
postcss-nested,https://www.npmjs.org/package/postcss-nested,0.0060478186694310175
url-parse,https://www.npmjs.org/package/url-parse,0.006028820753551809
react-dnd-html5-backend,https://www.npmjs.org/package/react-dnd-html5-backend,0.006017375631578157
findup-sync,https://www.npmjs.org/package/findup-sync,0.005981957113110952
opener,https://www.npmjs.org/package/opener,0.005938966554291351
node-emoji,https://www.npmjs.org/package/node-emoji,0.005930869694633183
gulp-typescript,https://www.npmjs.org/package/gulp-typescript,0.005927630595181144
tough-cookie,https://www.npmjs.org/package/tough-cookie,0.005921137777302827
sinon-chai,https://www.npmjs.org/package/sinon-chai,0.005901488172730829
tslint-config-prettier,https://www.npmjs.org/package/tslint-config-prettier,0.00589969615293594
amqplib,https://www.npmjs.org/package/amqplib,0.005895339975195137
react-native,https://www.npmjs.org/package/react-native,0.005885766753363183
webpack-sources,https://www.npmjs.org/package/webpack-sources,0.005865704708231077
nomnom,https://www.npmjs.org/package/nomnom,0.005852692227252175
script-loader,https://www.npmjs.org/package/script-loader,0.0058503155327390725
gulp-changed,https://www.npmjs.org/package/gulp-changed,0.005847656940736713
@babel/plugin-syntax-dynamic-import,https://www.npmjs.org/package/@babel/plugin-syntax-dynamic-import,0.005845337412879166
stylelint-config-standard,https://www.npmjs.org/package/stylelint-config-standard,0.005840311547004495
date-fns,https://www.npmjs.org/package/date-fns,0.005811096686328818
codemirror,https://www.npmjs.org/package/codemirror,0.005781441106913107
tar-fs,https://www.npmjs.org/package/tar-fs,0.005739844020963343
randomstring,https://www.npmjs.org/package/randomstring,0.005726476953859601
node-libs-browser,https://www.npmjs.org/package/node-libs-browser,0.0057256742535067165
requirejs,https://www.npmjs.org/package/requirejs,0.005716538951122235
sanitize-filename,https://www.npmjs.org/package/sanitize-filename,0.005709642529986635
gh-pages,https://www.npmjs.org/package/gh-pages,0.005708651873917062
pretty-hrtime,https://www.npmjs.org/package/pretty-hrtime,0.005700772159342041
gulp-template,https://www.npmjs.org/package/gulp-template,0.005656036787420132
chai-as-promised,https://www.npmjs.org/package/chai-as-promised,0.005652243600238019
find-cache-dir,https://www.npmjs.org/package/find-cache-dir,0.0056446148972647695
terser-webpack-plugin,https://www.npmjs.org/package/terser-webpack-plugin,0.005615911791838773
child_process,https://www.npmjs.org/package/child_process,0.005611690858168871
flat,https://www.npmjs.org/package/flat,0.005606586360876394
grunt-contrib-clean,https://www.npmjs.org/package/grunt-contrib-clean,0.005601735610464136
pretty-bytes,https://www.npmjs.org/package/pretty-bytes,0.005591526408840213
blessed,https://www.npmjs.org/package/blessed,0.005590358552963051
methods,https://www.npmjs.org/package/methods,0.0055615746414543945
gulp-clean,https://www.npmjs.org/package/gulp-clean,0.0055503893477584065
log-update,https://www.npmjs.org/package/log-update,0.005534959109240947
jest-cli,https://www.npmjs.org/package/jest-cli,0.005514524846250839
passport-facebook,https://www.npmjs.org/package/passport-facebook,0.005512355034760717
babel-plugin-istanbul,https://www.npmjs.org/package/babel-plugin-istanbul,0.005498198655348488
supertest,https://www.npmjs.org/package/supertest,0.00546230877257635
prismjs,https://www.npmjs.org/package/prismjs,0.005461876090087775
googleapis,https://www.npmjs.org/package/googleapis,0.005441443123734357
strip-bom,https://www.npmjs.org/package/strip-bom,0.005440790891034932
react-dropzone,https://www.npmjs.org/package/react-dropzone,0.005439361798357854
gulp-clean-css,https://www.npmjs.org/package/gulp-clean-css,0.005437839155493875
ansi-styles,https://www.npmjs.org/package/ansi-styles,0.005437250653787036
bn.js,https://www.npmjs.org/package/bn.js,0.005429019890469614
pkginfo,https://www.npmjs.org/package/pkginfo,0.0054195508404252255
etag,https://www.npmjs.org/package/etag,0.005417341746956059
node-watch,https://www.npmjs.org/package/node-watch,0.0054134533659097395
jasmine-core,https://www.npmjs.org/package/jasmine-core,0.005412824202272116
redbox-react,https://www.npmjs.org/package/redbox-react,0.0054002068775852495
nan,https://www.npmjs.org/package/nan,0.005370306389429245
@babel/plugin-transform-runtime,https://www.npmjs.org/package/@babel/plugin-transform-runtime,0.005353744131393236
autoprefixer-loader,https://www.npmjs.org/package/autoprefixer-loader,0.005349627522363314
rollup-plugin-node-resolve,https://www.npmjs.org/package/rollup-plugin-node-resolve,0.005335083961516699
errno,https://www.npmjs.org/package/errno,0.005333035527001569
map-stream,https://www.npmjs.org/package/map-stream,0.0053290422759964635
forever,https://www.npmjs.org/package/forever,0.005324883420886813
brfs,https://www.npmjs.org/package/brfs,0.005321907781298009
child-process-promise,https://www.npmjs.org/package/child-process-promise,0.005316536682177581
mqtt,https://www.npmjs.org/package/mqtt,0.0053006959775495
cli-table2,https://www.npmjs.org/package/cli-table2,0.005296270734949087
pump,https://www.npmjs.org/package/pump,0.005290433242942058
node-schedule,https://www.npmjs.org/package/node-schedule,0.005281607439657626
base64-js,https://www.npmjs.org/package/base64-js,0.0052522736261361195
object-hash,https://www.npmjs.org/package/object-hash,0.0052251151624974745
svgo,https://www.npmjs.org/package/svgo,0.00522505316224975
get-port,https://www.npmjs.org/package/get-port,0.00521602650816652
safe-buffer,https://www.npmjs.org/package/safe-buffer,0.0052132508361480865
svg-sprite-loader,https://www.npmjs.org/package/svg-sprite-loader,0.005187463285342316
gulp-mocha,https://www.npmjs.org/package/gulp-mocha,0.005185582472267345
babel-plugin-syntax-trailing-function-commas,https://www.npmjs.org/package/babel-plugin-syntax-trailing-function-commas,0.0051786870026651706
is-plain-object,https://www.npmjs.org/package/is-plain-object,0.005176411189802584
grunt-contrib-watch,https://www.npmjs.org/package/grunt-contrib-watch,0.005158331529539343
babel-plugin-syntax-async-functions,https://www.npmjs.org/package/babel-plugin-syntax-async-functions,0.005153281072101369
csv,https://www.npmjs.org/package/csv,0.00512641252680972
html-entities,https://www.npmjs.org/package/html-entities,0.005125364584647138
fresh,https://www.npmjs.org/package/fresh,0.005121862712979858
os-homedir,https://www.npmjs.org/package/os-homedir,0.005121400694185316
ansi-regex,https://www.npmjs.org/package/ansi-regex,0.00511948983602464
gulp-rev,https://www.npmjs.org/package/gulp-rev,0.005117112820675303
http-server,https://www.npmjs.org/package/http-server,0.005110272068707687
gulp-install,https://www.npmjs.org/package/gulp-install,0.005109280691893887
depd,https://www.npmjs.org/package/depd,0.005107600067986119
eslint-plugin-html,https://www.npmjs.org/package/eslint-plugin-html,0.005100509198652965
babel-template,https://www.npmjs.org/package/babel-template,0.0050909683462257126
koa-body,https://www.npmjs.org/package/koa-body,0.005090344276699154
babel-preset-flow,https://www.npmjs.org/package/babel-preset-flow,0.005082770821098271
interpret,https://www.npmjs.org/package/interpret,0.005051553834017627
express-validator,https://www.npmjs.org/package/express-validator,0.005046951947016531
react-addons-shallow-compare,https://www.npmjs.org/package/react-addons-shallow-compare,0.005043677793703015
phantomjs,https://www.npmjs.org/package/phantomjs,0.005029241162096986
tv4,https://www.npmjs.org/package/tv4,0.005027022390071065
global,https://www.npmjs.org/package/global,0.005026343174664816
karma-mocha-reporter,https://www.npmjs.org/package/karma-mocha-reporter,0.005021299420645762
draft-js,https://www.npmjs.org/package/draft-js,0.005018640926642364
deasync,https://www.npmjs.org/package/deasync,0.005003022948001458
rollup-plugin-commonjs,https://www.npmjs.org/package/rollup-plugin-commonjs,0.004999898547673922
postcss-reporter,https://www.npmjs.org/package/postcss-reporter,0.004992257197534271
postcss-pxtorem,https://www.npmjs.org/package/postcss-pxtorem,0.004955505421316369
grunt-contrib-copy,https://www.npmjs.org/package/grunt-contrib-copy,0.004946469446553312
require-directory,https://www.npmjs.org/package/require-directory,0.00494180940342496
koa-logger,https://www.npmjs.org/package/koa-logger,0.004939658394423298
accepts,https://www.npmjs.org/package/accepts,0.0049251762322174404
coveralls,https://www.npmjs.org/package/coveralls,0.004919819174362824
babel-plugin-external-helpers,https://www.npmjs.org/package/babel-plugin-external-helpers,0.00491542495173161
node-dir,https://www.npmjs.org/package/node-dir,0.004913919147984667
mockjs,https://www.npmjs.org/package/mockjs,0.004912132205600152
express-http-proxy,https://www.npmjs.org/package/express-http-proxy,0.004910850115308792
jshint-stylish,https://www.npmjs.org/package/jshint-stylish,0.0048859620153661205
workbox-webpack-plugin,https://www.npmjs.org/package/workbox-webpack-plugin,0.004857799193984725
yeoman-environment,https://www.npmjs.org/package/yeoman-environment,0.004843098152839468
intl,https://www.npmjs.org/package/intl,0.004828702175861895
cli,https://www.npmjs.org/package/cli,0.004820166549247359
nib,https://www.npmjs.org/package/nib,0.004815198004611488
require-all,https://www.npmjs.org/package/require-all,0.004812762560414981
decamelize,https://www.npmjs.org/package/decamelize,0.0047982420390332335
read-pkg,https://www.npmjs.org/package/read-pkg,0.004793886618515126
pinkie-promise,https://www.npmjs.org/package/pinkie-promise,0.00478938801229115
babel-preset-es2016,https://www.npmjs.org/package/babel-preset-es2016,0.004782448758916304
react-motion,https://www.npmjs.org/package/react-motion,0.00478136011234226
postcss-safe-parser,https://www.npmjs.org/package/postcss-safe-parser,0.004779114639940493
babel-plugin-transform-es3-member-expression-literals,https://www.npmjs.org/package/babel-plugin-transform-es3-member-expression-literals,0.004775714645857337
grunt-cli,https://www.npmjs.org/package/grunt-cli,0.0047714622898781004
raw-body,https://www.npmjs.org/package/raw-body,0.004755533609772594
left-pad,https://www.npmjs.org/package/left-pad,0.004753388141819732
react-loadable,https://www.npmjs.org/package/react-loadable,0.00475037057373235
babel-plugin-transform-es3-property-literals,https://www.npmjs.org/package/babel-plugin-transform-es3-property-literals,0.004731515050557411
@babel/plugin-proposal-object-rest-spread,https://www.npmjs.org/package/@babel/plugin-proposal-object-rest-spread,0.004730089639698806
less-middleware,https://www.npmjs.org/package/less-middleware,0.004720706729922971
parse5,https://www.npmjs.org/package/parse5,0.004719050841556935
isarray,https://www.npmjs.org/package/isarray,0.0047114892742527925
hiredis,https://www.npmjs.org/package/hiredis,0.004709635974781758
null-loader,https://www.npmjs.org/package/null-loader,0.004709460756537695
shell-quote,https://www.npmjs.org/package/shell-quote,0.0047065690722660255
karma-firefox-launcher,https://www.npmjs.org/package/karma-firefox-launcher,0.0046751280119571945
@types/express,https://www.npmjs.org/package/@types/express,0.004671131650107902
utils-merge,https://www.npmjs.org/package/utils-merge,0.00466344689436304
chance,https://www.npmjs.org/package/chance,0.004659938165994892
gulp-shell,https://www.npmjs.org/package/gulp-shell,0.004656051077946672
urijs,https://www.npmjs.org/package/urijs,0.004652950628983203
csv-parse,https://www.npmjs.org/package/csv-parse,0.00462826352347807
web3,https://www.npmjs.org/package/web3,0.004627834360530409
lint-staged,https://www.npmjs.org/package/lint-staged,0.004613717093334786
flux,https://www.npmjs.org/package/flux,0.004612530247535067
webpack-visualizer-plugin,https://www.npmjs.org/package/webpack-visualizer-plugin,0.004609337209275508
elliptic,https://www.npmjs.org/package/elliptic,0.004604423299071996
grunt-contrib-uglify,https://www.npmjs.org/package/grunt-contrib-uglify,0.004602314269826684
server-destroy,https://www.npmjs.org/package/server-destroy,0.0045968920202116795
columnify,https://www.npmjs.org/package/columnify,0.004590485114286414
levelup,https://www.npmjs.org/package/levelup,0.004588703631654271
i18next,https://www.npmjs.org/package/i18next,0.004586292045720091
lodash.uniq,https://www.npmjs.org/package/lodash.uniq,0.004561776397405378
vue-hot-reload-api,https://www.npmjs.org/package/vue-hot-reload-api,0.004556731001113979
wiredep,https://www.npmjs.org/package/wiredep,0.0045564809739986065
expect,https://www.npmjs.org/package/expect,0.004551874831535254
babel-plugin-react-require,https://www.npmjs.org/package/babel-plugin-react-require,0.00454255158135321
react-transform-catch-errors,https://www.npmjs.org/package/react-transform-catch-errors,0.004540422576745141
istanbul-instrumenter-loader,https://www.npmjs.org/package/istanbul-instrumenter-loader,0.004536040336073399
passport-google-oauth,https://www.npmjs.org/package/passport-google-oauth,0.004516752308922971
babel-helper-vue-jsx-merge-props,https://www.npmjs.org/package/babel-helper-vue-jsx-merge-props,0.00451266542171771
es6-promisify,https://www.npmjs.org/package/es6-promisify,0.004510055211721337
os-tmpdir,https://www.npmjs.org/package/os-tmpdir,0.004507036970656647
assert-plus,https://www.npmjs.org/package/assert-plus,0.004503613468424926
serialport,https://www.npmjs.org/package/serialport,0.004495040638302193
@svgr/webpack,https://www.npmjs.org/package/@svgr/webpack,0.004493298421017972
babel-plugin-transform-vue-jsx,https://www.npmjs.org/package/babel-plugin-transform-vue-jsx,0.0044882505445767145
koa-compose,https://www.npmjs.org/package/koa-compose,0.004487656567606325
redux-devtools,https://www.npmjs.org/package/redux-devtools,0.004487644568941234
string-width,https://www.npmjs.org/package/string-width,0.004479134152677501
sync-request,https://www.npmjs.org/package/sync-request,0.004471236828312197
radium,https://www.npmjs.org/package/radium,0.004460465025550584
gulp-size,https://www.npmjs.org/package/gulp-size,0.004460339631480925
koa-convert,https://www.npmjs.org/package/koa-convert,0.004458037422013461
knox,https://www.npmjs.org/package/knox,0.004450327687713456
core-util-is,https://www.npmjs.org/package/core-util-is,0.004445956609670042
express-jwt,https://www.npmjs.org/package/express-jwt,0.00444539137148983
listr,https://www.npmjs.org/package/listr,0.004437815769378012
jimp,https://www.npmjs.org/package/jimp,0.004436839010291392
yargs-parser,https://www.npmjs.org/package/yargs-parser,0.004434064633727804
concurrently,https://www.npmjs.org/package/concurrently,0.004428955854233771
ansi-escapes,https://www.npmjs.org/package/ansi-escapes,0.00442626335676728
string_decoder,https://www.npmjs.org/package/string_decoder,0.004425415614662376
webpack-dashboard,https://www.npmjs.org/package/webpack-dashboard,0.004419656341832445
sharp,https://www.npmjs.org/package/sharp,0.004416914542715412
react-color,https://www.npmjs.org/package/react-color,0.004413795767412488
readdirp,https://www.npmjs.org/package/readdirp,0.004412974410271489
readline,https://www.npmjs.org/package/readline,0.00440711538659551
lodash.assign,https://www.npmjs.org/package/lodash.assign,0.004395199433375536
jwt-simple,https://www.npmjs.org/package/jwt-simple,0.004386171459774429
buffer,https://www.npmjs.org/package/buffer,0.004381376239169419
lodash.get,https://www.npmjs.org/package/lodash.get,0.004374264172378257
nodegit,https://www.npmjs.org/package/nodegit,0.004366791994689527
babel-plugin-dynamic-import-node,https://www.npmjs.org/package/babel-plugin-dynamic-import-node,0.004364958597371698
fancy-log,https://www.npmjs.org/package/fancy-log,0.004354420315712893
ignore,https://www.npmjs.org/package/ignore,0.00434679307046773
glob-promise,https://www.npmjs.org/package/glob-promise,0.004337927686433677
type-is,https://www.npmjs.org/package/type-is,0.0043339123288230075
hammerjs,https://www.npmjs.org/package/hammerjs,0.004330366408887875
mysql2,https://www.npmjs.org/package/mysql2,0.004323008002892646
vue-server-renderer,https://www.npmjs.org/package/vue-server-renderer,0.004317454993312556
valid-url,https://www.npmjs.org/package/valid-url,0.004316453614722446
common-tags,https://www.npmjs.org/package/common-tags,0.004299990968180387
babel-plugin-transform-react-jsx-source,https://www.npmjs.org/package/babel-plugin-transform-react-jsx-source,0.004296843070039861
express-handlebars,https://www.npmjs.org/package/express-handlebars,0.004296581091010901
cookie-session,https://www.npmjs.org/package/cookie-session,0.004286581890505338
postcss-scss,https://www.npmjs.org/package/postcss-scss,0.004265920866797874
node-cache,https://www.npmjs.org/package/node-cache,0.004245728128533019
write-file-webpack-plugin,https://www.npmjs.org/package/write-file-webpack-plugin,0.004244326349299999
front-matter,https://www.npmjs.org/package/front-matter,0.004238335985998109
js-base64,https://www.npmjs.org/package/js-base64,0.004237517607315597
brace-expansion,https://www.npmjs.org/package/brace-expansion,0.004237319228036519
wrappy,https://www.npmjs.org/package/wrappy,0.004233219426919042
jest-resolve,https://www.npmjs.org/package/jest-resolve,0.004229010624078442
balanced-match,https://www.npmjs.org/package/balanced-match,0.004225823831604405
@angular/compiler-cli,https://www.npmjs.org/package/@angular/compiler-cli,0.004222822464929527
es5-shim,https://www.npmjs.org/package/es5-shim,0.004218658177667475
babel-plugin-transform-es2015-destructuring,https://www.npmjs.org/package/babel-plugin-transform-es2015-destructuring,0.004209483806522448
gulp-conflict,https://www.npmjs.org/package/gulp-conflict,0.004194050799963252
mv,https://www.npmjs.org/package/mv,0.00418110152170991
passport-twitter,https://www.npmjs.org/package/passport-twitter,0.0041745562653919144
rollup-plugin-babel,https://www.npmjs.org/package/rollup-plugin-babel,0.00417099971387478
boxen,https://www.npmjs.org/package/boxen,0.004170187910016341
process,https://www.npmjs.org/package/process,0.00416583564377552
babel-preset-es2017,https://www.npmjs.org/package/babel-preset-es2017,0.004164823102073871
uid,https://www.npmjs.org/package/uid,0.0041623307152538255
react-markdown,https://www.npmjs.org/package/react-markdown,0.0041548232389131655
is-glob,https://www.npmjs.org/package/is-glob,0.004152109644560194
babel-plugin-transform-export-extensions,https://www.npmjs.org/package/babel-plugin-transform-export-extensions,0.004148603906422389
websocket,https://www.npmjs.org/package/websocket,0.00414196018325377
lodash.debounce,https://www.npmjs.org/package/lodash.debounce,0.004136530080201607
decompress,https://www.npmjs.org/package/decompress,0.004122905435075565
vorpal,https://www.npmjs.org/package/vorpal,0.004119572579367507
has-ansi,https://www.npmjs.org/package/has-ansi,0.004118431047671149
inflight,https://www.npmjs.org/package/inflight,0.004110452991398636
ember-cli-babel,https://www.npmjs.org/package/ember-cli-babel,0.004106746368399935
lowdb,https://www.npmjs.org/package/lowdb,0.004104413653021882
normalizr,https://www.npmjs.org/package/normalizr,0.004102123590797714
gulp-debug,https://www.npmjs.org/package/gulp-debug,0.004098610505953704
bundle-loader,https://www.npmjs.org/package/bundle-loader,0.004095688783772254
tiny-lr,https://www.npmjs.org/package/tiny-lr,0.004080396959681986
vue-html-loader,https://www.npmjs.org/package/vue-html-loader,0.004073121150910218
generic-pool,https://www.npmjs.org/package/generic-pool,0.00407303665475183
concat-map,https://www.npmjs.org/package/concat-map,0.004069491110477363
highland,https://www.npmjs.org/package/highland,0.004065015652941132
react-modal,https://www.npmjs.org/package/react-modal,0.004063479042302679
@babel/plugin-proposal-decorators,https://www.npmjs.org/package/@babel/plugin-proposal-decorators,0.004062318815202573
hbs,https://www.npmjs.org/package/hbs,0.004060951153891754
@material-ui/core,https://www.npmjs.org/package/@material-ui/core,0.004056765961096975
merge2,https://www.npmjs.org/package/merge2,0.0040548864985409635
normalize-path,https://www.npmjs.org/package/normalize-path,0.004053902324176205
range-parser,https://www.npmjs.org/package/range-parser,0.004046612289956846
xcode,https://www.npmjs.org/package/xcode,0.004043527207816154
gulp-stylus,https://www.npmjs.org/package/gulp-stylus,0.0040351129087426735
object-path,https://www.npmjs.org/package/object-path,0.004031298126750844
csurf,https://www.npmjs.org/package/csurf,0.004025409371308813
normalize-package-data,https://www.npmjs.org/package/normalize-package-data,0.004023470180302756
node.extend,https://www.npmjs.org/package/node.extend,0.004023341933399216
babel-code-frame,https://www.npmjs.org/package/babel-code-frame,0.004021290292307126
colorful,https://www.npmjs.org/package/colorful,0.004015966118691398
archy,https://www.npmjs.org/package/archy,0.0040130495594762495
jasmine,https://www.npmjs.org/package/jasmine,0.004013004406346709
detect-indent,https://www.npmjs.org/package/detect-indent,0.004006296283449851
lodash.clonedeep,https://www.npmjs.org/package/lodash.clonedeep,0.004003957479500141
rc-slider,https://www.npmjs.org/package/rc-slider,0.004001054859229679
gulp-sequence,https://www.npmjs.org/package/gulp-sequence,0.0039962218288381365
stack-trace,https://www.npmjs.org/package/stack-trace,0.003992726033940058
arrify,https://www.npmjs.org/package/arrify,0.003989941211626807
koa-mount,https://www.npmjs.org/package/koa-mount,0.003989928538314079
hosted-git-info,https://www.npmjs.org/package/hosted-git-info,0.003987107465534095
nyc,https://www.npmjs.org/package/nyc,0.00398410397703668
gulp-git,https://www.npmjs.org/package/gulp-git,0.003973051820566205
node-forge,https://www.npmjs.org/package/node-forge,0.003967026662798091
util-deprecate,https://www.npmjs.org/package/util-deprecate,0.00396189811035724
gulp-nodemon,https://www.npmjs.org/package/gulp-nodemon,0.003955053855435554
@angular/material,https://www.npmjs.org/package/@angular/material,0.00394018372807769
tape,https://www.npmjs.org/package/tape,0.003935178091828724
markdown,https://www.npmjs.org/package/markdown,0.003933118228118184
imagemin-pngquant,https://www.npmjs.org/package/imagemin-pngquant,0.003916433345361584
inert,https://www.npmjs.org/package/inert,0.003913678894578455
xlsx,https://www.npmjs.org/package/xlsx,0.003906665540030011
passport-http-bearer,https://www.npmjs.org/package/passport-http-bearer,0.0039028113144490765
i,https://www.npmjs.org/package/i,0.003900012144997285
md5-file,https://www.npmjs.org/package/md5-file,0.00389956524831359
keypress,https://www.npmjs.org/package/keypress,0.003898242800887189
standard,https://www.npmjs.org/package/standard,0.0038965918234479513
ua-parser-js,https://www.npmjs.org/package/ua-parser-js,0.0038947790462772343
is-buffer,https://www.npmjs.org/package/is-buffer,0.0038906768168321653
sprintf,https://www.npmjs.org/package/sprintf,0.0038902763027231064
command-exists,https://www.npmjs.org/package/command-exists,0.003887337818391094
punycode,https://www.npmjs.org/package/punycode,0.0038773414689967436
gulp-bump,https://www.npmjs.org/package/gulp-bump,0.0038767541691590354
builtin-modules,https://www.npmjs.org/package/builtin-modules,0.003874895943591756
winston-daily-rotate-file,https://www.npmjs.org/package/winston-daily-rotate-file,0.003860313462476543
abbrev,https://www.npmjs.org/package/abbrev,0.00385619869535209
stylelint-webpack-plugin,https://www.npmjs.org/package/stylelint-webpack-plugin,0.003854083533358454
needle,https://www.npmjs.org/package/needle,0.003853049999622471
gulp-cssnano,https://www.npmjs.org/package/gulp-cssnano,0.0038343458357250316
uglify-es,https://www.npmjs.org/package/uglify-es,0.0038243407092546098
keymirror,https://www.npmjs.org/package/keymirror,0.003822935207909732
multiparty,https://www.npmjs.org/package/multiparty,0.003817177930242266
oauth,https://www.npmjs.org/package/oauth,0.0038081450087781416
process-nextick-args,https://www.npmjs.org/package/process-nextick-args,0.0038075269854782284
leveldown,https://www.npmjs.org/package/leveldown,0.0038056054417325786
nock,https://www.npmjs.org/package/nock,0.0037990913049871945
graphql-tools,https://www.npmjs.org/package/graphql-tools,0.00379055738512312
deep-diff,https://www.npmjs.org/package/deep-diff,0.0037900989929992627
window-size,https://www.npmjs.org/package/window-size,0.0037860057150846367
is-stream,https://www.npmjs.org/package/is-stream,0.0037814410616066616
https,https://www.npmjs.org/package/https,0.0037773603214841666
write-file-atomic,https://www.npmjs.org/package/write-file-atomic,0.003776485386347008
@angular/platform-server,https://www.npmjs.org/package/@angular/platform-server,0.003768329883817072
node-static,https://www.npmjs.org/package/node-static,0.0037677144983698694
request-progress,https://www.npmjs.org/package/request-progress,0.003758404750067852
i18n,https://www.npmjs.org/package/i18n,0.0037384077831479766
gulp-connect,https://www.npmjs.org/package/gulp-connect,0.0037383413424807973
bl,https://www.npmjs.org/package/bl,0.003733336322765446
content-type,https://www.npmjs.org/package/content-type,0.0037322157020026965
grunt-contrib-concat,https://www.npmjs.org/package/grunt-contrib-concat,0.0037311983068022206
deep-assign,https://www.npmjs.org/package/deep-assign,0.0037289979415342225
tinycolor2,https://www.npmjs.org/package/tinycolor2,0.003728516243222058
indent-string,https://www.npmjs.org/package/indent-string,0.00372502448251789
raven,https://www.npmjs.org/package/raven,0.003722228923147209
chart.js,https://www.npmjs.org/package/chart.js,0.0037209048298621357
offline-plugin,https://www.npmjs.org/package/offline-plugin,0.003720731015817436
babel-plugin-transform-react-inline-elements,https://www.npmjs.org/package/babel-plugin-transform-react-inline-elements,0.003719763634419322
sockjs-client,https://www.npmjs.org/package/sockjs-client,0.0037157738862188486
fs.realpath,https://www.npmjs.org/package/fs.realpath,0.0037085254269186305
signal-exit,https://www.npmjs.org/package/signal-exit,0.003703991720001794
sha1,https://www.npmjs.org/package/sha1,0.003697471096799419
cliui,https://www.npmjs.org/package/cliui,0.003690535829928244
extract-zip,https://www.npmjs.org/package/extract-zip,0.0036863733355919867
bs58,https://www.npmjs.org/package/bs58,0.003685921694087283
react-app-polyfill,https://www.npmjs.org/package/react-app-polyfill,0.0036815099722920046
os,https://www.npmjs.org/package/os,0.003679900888962257
hogan.js,https://www.npmjs.org/package/hogan.js,0.0036784925431729266
amdefine,https://www.npmjs.org/package/amdefine,0.0036648356008195737
immutability-helper,https://www.npmjs.org/package/immutability-helper,0.003663221096018694
bootstrap-sass,https://www.npmjs.org/package/bootstrap-sass,0.003659770010810012
nprogress,https://www.npmjs.org/package/nprogress,0.003647728932607606
anymatch,https://www.npmjs.org/package/anymatch,0.003644703454751614
mime-db,https://www.npmjs.org/package/mime-db,0.0036236376759312865
memory-cache,https://www.npmjs.org/package/memory-cache,0.003620359301519592
gray-matter,https://www.npmjs.org/package/gray-matter,0.00361952644519885
gulp-livereload,https://www.npmjs.org/package/gulp-livereload,0.0036143529622970055
jsx-loader,https://www.npmjs.org/package/jsx-loader,0.003612216293636832
lodash-webpack-plugin,https://www.npmjs.org/package/lodash-webpack-plugin,0.0036023628402465863
he,https://www.npmjs.org/package/he,0.0036001691615491437
statuses,https://www.npmjs.org/package/statuses,0.003593023891024192
xhr,https://www.npmjs.org/package/xhr,0.003591439206334982
isobject,https://www.npmjs.org/package/isobject,0.0035908942950811902
dockerode,https://www.npmjs.org/package/dockerode,0.003589258529555267
esutils,https://www.npmjs.org/package/esutils,0.0035885160978474657
fastclick,https://www.npmjs.org/package/fastclick,0.003583879851222857
dashdash,https://www.npmjs.org/package/dashdash,0.0035832773813325486
img-loader,https://www.npmjs.org/package/img-loader,0.0035795846873198896
exit,https://www.npmjs.org/package/exit,0.0035755931986369205
file-type,https://www.npmjs.org/package/file-type,0.003570617449615355
is-builtin-module,https://www.npmjs.org/package/is-builtin-module,0.0035705414428383033
gulp-zip,https://www.npmjs.org/package/gulp-zip,0.0035693451101078883
restler,https://www.npmjs.org/package/restler,0.0035593445225885214
hash-sum,https://www.npmjs.org/package/hash-sum,0.0035525213157819257
browserify-shim,https://www.npmjs.org/package/browserify-shim,0.003552141653575819
imagemin,https://www.npmjs.org/package/imagemin,0.0035402789276548275
repeat-string,https://www.npmjs.org/package/repeat-string,0.0035386391531840827
selenium-webdriver,https://www.npmjs.org/package/selenium-webdriver,0.0035341472580430865
hyperquest,https://www.npmjs.org/package/hyperquest,0.0035318549439594844
resolve-from,https://www.npmjs.org/package/resolve-from,0.003530373255465404
thunkify,https://www.npmjs.org/package/thunkify,0.0035284090194924863
os-locale,https://www.npmjs.org/package/os-locale,0.003526589766387016
electron,https://www.npmjs.org/package/electron,0.0035254135005249377
sanitize-html,https://www.npmjs.org/package/sanitize-html,0.0035230656468241478
parse-json,https://www.npmjs.org/package/parse-json,0.003522918355792485
level,https://www.npmjs.org/package/level,0.003514711112577522
passport-http,https://www.npmjs.org/package/passport-http,0.003512193114088331
xml2json,https://www.npmjs.org/package/xml2json,0.0035002777862932427
array-unique,https://www.npmjs.org/package/array-unique,0.0034994174714981555
repeating,https://www.npmjs.org/package/repeating,0.003496117831284982
loose-envify,https://www.npmjs.org/package/loose-envify,0.0034944077874374904
babel-plugin-transform-es2015-classes,https://www.npmjs.org/package/babel-plugin-transform-es2015-classes,0.003494199831360272
load-json-file,https://www.npmjs.org/package/load-json-file,0.0034928205379711
portscanner,https://www.npmjs.org/package/portscanner,0.003491995355599257
redux-devtools-extension,https://www.npmjs.org/package/redux-devtools-extension,0.0034869199542662366
enhanced-resolve,https://www.npmjs.org/package/enhanced-resolve,0.003480528795994373
shallowequal,https://www.npmjs.org/package/shallowequal,0.0034645614018786984
jest-pnp-resolver,https://www.npmjs.org/package/jest-pnp-resolver,0.003461149942091565
https-proxy-agent,https://www.npmjs.org/package/https-proxy-agent,0.0034608117639797036
cosmiconfig,https://www.npmjs.org/package/cosmiconfig,0.003458173550361277
validate-npm-package-license,https://www.npmjs.org/package/validate-npm-package-license,0.003453951406826141
node-gyp,https://www.npmjs.org/package/node-gyp,0.003450549828635685
pnp-webpack-plugin,https://www.npmjs.org/package/pnp-webpack-plugin,0.003445710958578506
walk-sync,https://www.npmjs.org/package/walk-sync,0.003437890854328985
@babel/cli,https://www.npmjs.org/package/@babel/cli,0.0034335867743489385
popper.js,https://www.npmjs.org/package/popper.js,0.003427685608308274
is-utf8,https://www.npmjs.org/package/is-utf8,0.003426732132786328
object.omit,https://www.npmjs.org/package/object.omit,0.003423833982181916
app-module-path,https://www.npmjs.org/package/app-module-path,0.0034237639261782446
recast,https://www.npmjs.org/package/recast,0.003416845758507837
kind-of,https://www.npmjs.org/package/kind-of,0.003413539504310875
babel-plugin-transform-es2015-parameters,https://www.npmjs.org/package/babel-plugin-transform-es2015-parameters,0.0034128397087657037
leaflet,https://www.npmjs.org/package/leaflet,0.0034089484108411477
globals,https://www.npmjs.org/package/globals,0.0034069755615500643
v8flags,https://www.npmjs.org/package/v8flags,0.0033930712330463696
is-url,https://www.npmjs.org/package/is-url,0.0033885394956678777
koa-compress,https://www.npmjs.org/package/koa-compress,0.003380553454813457
merge-defaults,https://www.npmjs.org/package/merge-defaults,0.003379007926190888
eslint-plugin-jest,https://www.npmjs.org/package/eslint-plugin-jest,0.003376884631071279
redux-immutable,https://www.npmjs.org/package/redux-immutable,0.003375657595236346
performance-now,https://www.npmjs.org/package/performance-now,0.003361666957270606
upath,https://www.npmjs.org/package/upath,0.003360684475303978
